Name,Age,Experience,Salary
Alice Johnson,29,5,70000
Bob Smith,35,10,85000
Carol Davis,42,15,95000
David Wilson,28,4,65000
Emma Brown,33,8,80000
Frank Thomas,31,6,72000
Grace Lee,27,3,60000
Henry Clark,40,12,90000
Ivy Hall,26,2,58000
Jack Lewis,38,9,83000
Kathy Walker,30,5,75000
Liam Young,45,20,120000
Mia White,37,11,87000
Noah Harris,32,7,78000
Olivia Lewis,25,1,55000
Paul Robinson,39,14,91000
Quinn King,34,8,80000
Rachel Scott,29,5,70000
Steve Martinez,36,10,84000
Tina Lopez,41,16,96000
Uma Hall,30,5,72000
Victor Adams,43,18,110000
Wendy Hill,28,4,64000
Xander Scott,35,10,82000
Yara Nelson,27,3,61000
Zachary Turner,29,6,74000
Ava Carter,26,2,59000
Ben Foster,38,9,83000
Cora Reed,32,7,77000
Derek Price,45,20,115000
Ella Simmons,34,8,85000
Felix Bennett,28,4,66000
Gina Murphy,31,6,71000
Holly Hayes,39,12,90000
Ian Coleman,36,11,86000
Jasmine Diaz,30,5,73000
Kyle Patterson,41,17,100000
Lily Watson,29,4,65000
Mason Brooks,27,3,62000
Nora Butler,37,13,94000
Oscar Hughes,32,7,78000
Penny Lee,28,5,70000
Quincy Reed,40,12,92000
Ruby Simmons,35,10,85000
Sam Ross,26,1,57000
Tara Flores,38,9,80000
Ulysses Ward,33,8,79000
Vera James,29,5,74000
Walter Turner,36,11,86000
Xena Fisher,42,16,95000
Yasmine Price,30,5,72000
Zane Knight,41,15,90000
Aiden Rivera,27,3,60000
Brianna Brooks,35,10,82000
Charlie Bennett,32,6,75000
Diana Young,44,19,115000
Elijah Evans,30,5,70000
Faith Carter,33,8,78000
Graham Adams,28,4,64000
Hannah Ward,29,5,69000
Isabella Ramirez,36,11,84000
Jake Murphy,40,14,92000
Kendra Green,37,13,91000
Lucas Long,32,7,76000
Megan Scott,34,8,80000
Nina Foster,28,4,67000
Owen Carter,30,5,71000
Paige Morgan,41,17,100000
Quinn Rivera,35,10,83000
Ryan Brooks,25,2,59000
Samantha Knight,39,12,89000
Thomas Jenkins,28,4,62000
Ursula Lee,42,18,108000
Victor Wright,33,8,80000
Willa Reed,37,11,84000
Xander Hughes,30,5,73000
Yasmin Hall,34,9,77000
Zachary Lee,31,6,72000
Avery Adams,26,2,58000
Brandon Harris,38,10,85000
Clara Hall,29,5,70000
Derek Morgan,32,7,75000
Ella Green,41,15,92000
Finn Taylor,36,12,88000
Gina White,30,5,72000
Hugo Rivera,34,8,81000
Ivy Cooper,35,10,84000
Jordan Price,39,11,90000
Kylie Carter,29,5,68000
Liam Brooks,28,3,62000
Maya Clark,45,20,115000
Nathan Ross,31,6,74000
Olivia Mitchell,33,8,77000
Peter Jackson,36,12,86000
Quincy Young,38,14,91000
Riley Lewis,25,2,55000
Sophie Hall,32,7,75000
Thomas Allen,40,15,95000
Ursula Carter,29,5,70000
Violet Scott,37,11,86000
